USE nyc_air;

-- Países
INSERT INTO pais (id_pais, pais, slug) VALUES
(1, 'Argentina', 'arg'),
(2, 'Brasil', 'bra'),
(3, 'Paraguay', 'par'),
(4, 'Uruguay', 'ury'),
(5, 'Chile', 'chl'),
(6, 'España', 'esp'),
(7, 'Portugal', 'prt'),
(8, 'Italia', 'ita'),
(9, 'Grecia', 'grc'),
(10, 'Francia', 'fra'),
(11, 'Mexico', 'mex'),
(12, 'Estados Unidos', 'usa'),
(13, 'Canada', 'can');

-- Provincias/Estados
INSERT INTO provincia (id_provincia, provincia, slug, id_pais) VALUES
(1, 'Buenos Aires', 'bue', 1),
(2, 'Córdoba', 'cor', 1),
(3, 'São Paulo', 'sp', 2),
(4, 'Rio de Janeiro', 'rj', 2),
(5, 'Central', 'cen', 3),
(6, 'Paraguarí', 'parg', 3),
(7, 'Montevideo', 'mvd', 4),
(8, 'Canelones', 'can', 4),
(9, 'Santiago', 'scl', 5),
(10, 'Valparaíso', 'val', 5),
(11, 'Madrid', 'mad', 6),
(12, 'Barcelona', 'bar', 6),
(13, 'Lisboa', 'lis', 7),
(14, 'Oporto', 'opo', 7),
(15, 'Lazio', 'laz', 8),
(16, 'Lombardía', 'lom', 8),
(17, 'Ática', 'ati', 9),
(18, 'Macedonia Central', 'mac', 9),
(19, 'Île-de-France', 'idf', 10),
(20, 'Provenza-Alpes-Costa Azul', 'paca', 10),
(21, 'Ciudad de México', 'cdmx', 11),
(22, 'Jalisco', 'jal', 11),
(23, 'California', 'ca', 12),
(24, 'Texas', 'tx', 12),
(25, 'Ontario', 'on', 13),
(26, 'Quebec', 'qc', 13);

-- Ciudades en cada provincia/estado
INSERT INTO ciudad (id_ciudad, ciudad, slug, id_provincia) VALUES
(1, 'La Plata', 'lap', 1),
(2, 'Córdoba Capital', 'corcap', 2),
(3, 'Campinas', 'cam', 3),
(4, 'Niterói', 'nit', 4),
(5, 'Luque', 'luq', 5),
(6, 'Paraguarí', 'pargci', 6),
(7, 'Ciudad de Montevideo', 'cmon', 7),
(8, 'Las Piedras', 'lp', 8),
(9, 'Providencia', 'prv', 9),
(10, 'Viña del Mar', 'vnm', 10),
(11, 'Alcalá de Henares', 'alc', 11),
(12, 'Barcelona Capital', 'barcap', 12),
(13, 'Sintra', 'sin', 13),
(14, 'Braga', 'bra', 14),
(15, 'Roma', 'rom', 15),
(16, 'Milán', 'mil', 16),
(17, 'Atenas', 'ath', 17),
(18, 'Tesalónica', 'tes', 18),
(19, 'París', 'par', 19),
(20, 'Marsella', 'mar', 20),
(21, 'Coyoacán', 'coy', 21),
(22, 'Guadalajara', 'gdl', 22),
(23, 'Los Ángeles', 'la', 23),
(24, 'Austin', 'aus', 24),
(25, 'Toronto', 'tor', 25),
(26, 'Quebec City', 'qbc', 26);

-- Aeropuertos en cada ciudad
INSERT INTO aeropuerto (id_aeropuerto, nombre, slug, id_ciudad) VALUES
(1, 'Aeropuerto de La Plata', 'lpg', 1),
(2, 'Aeropuerto Internacional Ingeniero Ambrosio Taravella', 'cor', 2),
(3, 'Aeropuerto Internacional de Viracopos', 'vcp', 3),
(4, 'Aeropuerto Santos Dumont', 'sdu', 4),
(5, 'Aeropuerto Internacional Silvio Pettirossi', 'asu', 5),
(6, 'Aeropuerto de Paraguarí', 'pag', 6),
(7, 'Aeropuerto Internacional de Carrasco', 'mvd', 7),
(8, 'Aeropuerto Internacional de Canelones', 'can', 8),
(9, 'Aeropuerto Internacional Comodoro Arturo Merino Benítez', 'scl', 9),
(10, 'Aeropuerto de Viña del Mar', 'vap', 10),
(11, 'Aeropuerto Adolfo Suárez Madrid-Barajas', 'mad', 11),
(12, 'Aeropuerto de Barcelona-El Prat', 'bcn', 12),
(13, 'Aeropuerto de Lisboa', 'lis', 13),
(14, 'Aeropuerto de Oporto', 'opo', 14),
(15, 'Aeropuerto de Roma-Fiumicino', 'fco', 15),
(16, 'Aeropuerto de Milán-Malpensa', 'mxp', 16),
(17, 'Aeropuerto Internacional de Atenas Eleftherios Venizelos', 'ath', 17),
(18, 'Aeropuerto de Tesalónica', 'skg', 18),
(19, 'Aeropuerto de París-Charles de Gaulle', 'cdg', 19),
(20, 'Aeropuerto de Marsella-Provenza', 'mrs', 20),
(21, 'Aeropuerto Internacional de la Ciudad de México', 'mex', 21),
(22, 'Aeropuerto Internacional de Guadalajara', 'gdl', 22),
(23, 'Aeropuerto Internacional de Los Ángeles', 'lax', 23),
(24, 'Aeropuerto Internacional de Austin-Bergstrom', 'aus', 24),
(25, 'Aeropuerto Internacional Toronto Pearson', 'yyz', 25),
(26, 'Aeropuerto Internacional Jean Lesage de Quebec', 'yqb', 26);
